City_ID,City,Lat,Lng,Max Temp,Humidity,Cloudiness,Wind Speed,Country,Date
0,Asuncion Nochixtlan,17.4667,-97.2333,51.55,95,96,6.15,MX,2021-11-08 02:42:16
1,Butaritari,3.0707,172.7902,82.06,70,13,10.85,KI,2021-11-08 02:41:56
2,Tual,-5.6667,132.75,84.79,73,36,7.31,ID,2021-11-08 02:39:45
3,La Ronge,55.1001,-105.2842,28.65,93,1,3.44,CA,2021-11-08 02:42:16
4,Hermanus,-34.4187,19.2345,56.89,73,56,3.78,ZA,2021-11-08 02:36:44
5,Hobart,-42.8794,147.3294,69.03,43,75,1.01,AU,2021-11-08 02:40:53
6,Esperance,-33.8667,121.9,67.84,56,100,12.57,AU,2021-11-08 02:38:02
7,Siavonga,-16.5382,28.7088,77.56,37,54,4.54,ZM,2021-11-08 02:42:17
8,Faanui,-16.4833,-151.75,79.52,74,23,9.53,PF,2021-11-08 02:42:17
9,Timizart,36.8,4.2667,52.32,94,100,8.72,DZ,2021-11-08 02:39:39
10,Ushuaia,-54.8,-68.3,42.46,75,40,8.05,AR,2021-11-08 02:35:22
11,Tuktoyaktuk,69.4541,-133.0374,21.2,86,90,10.36,CA,2021-11-08 02:39:35
12,Maxixe,-23.8597,35.3472,70.5,90,57,3.24,MZ,2021-11-08 02:42:18
13,Quang Ngai,15.1167,108.8,79.63,84,95,9.28,VN,2021-11-08 02:42:18
14,Avarua,-21.2078,-159.775,77.05,61,19,14.97,CK,2021-11-08 02:38:21
15,Busselton,-33.65,115.3333,67.08,48,3,10.04,AU,2021-11-08 02:33:22
16,Georgetown,5.4112,100.3354,84.88,82,20,0.0,MY,2021-11-08 02:40:52
17,Arlit,18.7369,7.3853,76.64,14,57,8.14,NE,2021-11-08 02:33:58
18,Akdepe,42.0551,59.3788,23.0,27,0,4.16,TM,2021-11-08 02:37:42
19,Bambous Virieux,-20.3428,57.7575,76.21,83,40,8.05,MU,2021-11-08 02:42:19
20,Weinan,34.5036,109.5089,40.69,35,0,3.94,CN,2021-11-08 02:42:20
21,Punta Arenas,-53.15,-70.9167,42.91,70,40,9.22,CL,2021-11-08 02:35:32
22,Dikson,73.5069,80.5464,9.36,95,100,0.98,RU,2021-11-08 02:32:46
23,Bone,51.9669,12.1396,46.62,87,97,14.54,DE,2021-11-08 02:42:21
24,Sanming,26.2486,117.6186,51.08,84,100,3.87,CN,2021-11-08 02:42:21
25,Jamestown,42.097,-79.2353,48.72,83,1,1.01,US,2021-11-08 02:35:20
26,Westport,41.1415,-73.3579,51.75,73,1,4.61,US,2021-11-08 02:40:55
27,Bengkulu,-3.8004,102.2655,82.06,70,100,5.23,ID,2021-11-08 02:42:22
28,Youhao,47.8667,128.8333,26.92,84,100,9.95,CN,2021-11-08 02:42:22
29,Kapaa,22.0752,-159.319,84.18,73,40,1.99,US,2021-11-08 02:42:23
30,Upernavik,72.7868,-56.1549,9.86,76,5,6.17,GL,2021-11-08 02:36:42
31,Derzhavinsk,51.1,66.3167,30.13,36,95,15.5,KZ,2021-11-08 02:42:23
32,Axim,4.8699,-2.2405,78.39,88,98,6.8,GH,2021-11-08 02:42:23
33,Hilo,19.7297,-155.09,74.93,87,90,5.75,US,2021-11-08 02:34:02
34,Keetmanshoop,-26.5833,18.1333,51.04,51,1,21.12,NA,2021-11-08 02:32:48
35,Miyako,39.6367,141.9525,57.92,84,100,9.35,JP,2021-11-08 02:42:24
36,Samarai,-10.6167,150.6667,85.15,71,4,14.38,PG,2021-11-08 02:42:25
37,Chokurdakh,70.6333,147.9167,-14.62,94,88,6.46,RU,2021-11-08 02:35:29
38,Hobyo,5.3505,48.5268,78.84,67,29,10.45,SO,2021-11-08 02:42:26
39,Carnarvon,-24.8667,113.6333,71.67,56,76,16.11,AU,2021-11-08 02:42:26
40,Mataura,-46.1927,168.8643,72.9,40,100,1.14,NZ,2021-11-08 02:35:24
41,Vaini,-21.2,-175.2,78.96,94,75,5.75,TO,2021-11-08 02:40:35
42,Coruripe,-10.1256,-36.1756,76.41,89,42,10.42,BR,2021-11-08 02:36:56
43,Alto Longa,-5.2511,-42.2103,75.0,90,100,0.83,BR,2021-11-08 02:42:27
44,Krasnoselkup,65.7,82.4667,32.4,98,100,20.67,RU,2021-11-08 02:42:27
45,Bredasdorp,-34.5322,20.0403,52.92,82,83,4.61,ZA,2021-11-08 02:34:07
46,Nagato,34.3833,131.2,70.25,79,100,23.87,JP,2021-11-08 02:38:16
47,Sambava,-14.2667,50.1667,74.23,80,31,8.21,MG,2021-11-08 02:42:28
48,Sorland,67.667,12.6934,41.2,53,97,13.96,NO,2021-11-08 02:42:28
49,Krasnyy Chikoy,50.3643,108.7512,24.31,52,71,3.11,RU,2021-11-08 02:42:29
50,Linguere,15.3953,-15.1193,79.39,27,50,9.93,SN,2021-11-08 02:42:29
51,Bathsheba,13.2167,-59.5167,81.21,74,40,13.8,BB,2021-11-08 02:42:30
52,Rikitea,-23.1203,-134.9692,75.54,75,100,12.5,PF,2021-11-08 02:33:20
53,Ewa Beach,21.3156,-158.0072,84.15,59,20,11.01,US,2021-11-08 02:41:01
54,Vostok,46.4856,135.8833,39.24,33,98,2.48,RU,2021-11-08 02:35:10
55,Pochutla,15.7432,-96.4661,79.83,84,58,3.69,MX,2021-11-08 02:42:31
56,New Norfolk,-42.7826,147.0587,67.66,36,12,3.0,AU,2021-11-08 02:42:31
57,Hithadhoo,-0.6,73.0833,82.24,72,98,13.0,MV,2021-11-08 02:42:32
58,Agadir,30.4202,-9.5982,50.45,41,0,5.41,MA,2021-11-08 02:42:32
59,Lompoc,34.6391,-120.4579,63.01,66,1,8.05,US,2021-11-08 02:42:33
60,Tabas,33.5959,56.9244,52.74,24,100,4.18,IR,2021-11-08 02:42:33
61,Atuona,-9.8,-139.0333,78.39,75,9,16.71,PF,2021-11-08 02:39:27
62,Victoria,22.2855,114.1577,71.26,68,46,1.99,HK,2021-11-08 02:31:22
63,Manono,-7.3,27.4167,69.76,87,99,1.83,CD,2021-11-08 02:42:33
64,Nouadhibou,20.931,-17.0347,64.38,77,0,18.41,MR,2021-11-08 02:42:34
65,Torbay,47.6666,-52.7314,46.27,86,75,8.05,CA,2021-11-08 02:35:33
66,Ixtapa,20.7,-105.2,73.87,93,36,2.39,MX,2021-11-08 02:33:14
67,Tacuarembo,-31.7333,-55.9833,53.89,91,4,3.98,UY,2021-11-08 02:42:35
68,Qixingtai,30.4135,111.8874,51.33,52,2,6.85,CN,2021-11-08 02:42:35
69,Kyren,51.6828,102.1408,29.68,62,76,1.01,RU,2021-11-08 02:42:36
70,Ponta Delgada,37.7333,-25.6667,70.5,83,40,14.97,PT,2021-11-08 02:42:36
71,Tasiilaq,65.6145,-37.6368,26.76,75,100,5.97,GL,2021-11-08 02:39:29
72,Roald,62.5833,6.1333,38.08,87,100,10.36,NO,2021-11-08 02:42:37
73,Kushima,31.4583,131.2333,72.91,80,100,10.83,JP,2021-11-08 02:42:37
74,Klaksvik,62.2266,-6.589,45.52,82,99,21.88,FO,2021-11-08 02:42:37
75,Bluff,-46.6,168.3333,61.5,64,88,9.91,NZ,2021-11-08 02:35:26
76,Iqaluit,63.7506,-68.5145,8.33,84,1,18.01,CA,2021-11-08 02:40:50
77,Korem,12.5058,39.5228,51.4,57,97,1.36,ET,2021-11-08 02:42:39
78,Havelock,34.8791,-76.9013,53.92,78,100,5.99,US,2021-11-08 02:42:40
79,Lubliniec,50.669,18.6844,43.0,84,40,9.6,PL,2021-11-08 02:42:41
80,Nuevo Progreso,23.1667,-97.95,72.59,84,77,2.68,MX,2021-11-08 02:42:41
81,Barcelos,41.5388,-8.6151,54.68,60,87,4.76,PT,2021-11-08 02:42:42
82,Miri,4.4148,114.0089,86.14,79,40,4.61,MY,2021-11-08 02:42:42
83,Clyde River,70.4692,-68.5914,10.85,90,43,11.52,CA,2021-11-08 02:42:07
84,Mwinilunga,-11.7358,24.4293,62.24,58,5,2.68,ZM,2021-11-08 02:42:43
85,Saldanha,-33.0117,17.9442,59.05,75,88,20.27,ZA,2021-11-08 02:34:34
86,Avera,33.194,-82.5271,49.71,51,0,6.82,US,2021-11-08 02:42:43
87,Zhigansk,66.7697,123.3711,7.47,94,100,27.29,RU,2021-11-08 02:42:09
88,Kant,27.8,79.8,68.25,59,60,1.7,IN,2021-11-08 02:42:43
89,San Patricio,28.017,-97.5169,70.83,73,0,6.82,US,2021-11-08 02:35:33
90,Cape Town,-33.9258,18.4232,59.11,73,0,4.0,ZA,2021-11-08 02:36:39
91,Cidreira,-30.1811,-50.2056,61.84,73,6,3.47,BR,2021-11-08 02:34:04
92,Sioux Lookout,50.1001,-91.917,44.98,87,90,5.75,CA,2021-11-08 02:42:44
93,Puerto Ayora,-0.7393,-90.3518,69.51,81,45,8.12,EC,2021-11-08 02:35:23
94,Port Alfred,-33.5906,26.891,64.42,86,100,7.74,ZA,2021-11-08 02:37:51
95,Lagoa,39.05,-27.9833,68.23,85,4,21.88,PT,2021-11-08 02:35:12
96,Champerico,14.3,-91.9167,80.35,80,69,1.34,GT,2021-11-08 02:33:10
97,Carupano,10.6678,-63.2585,77.05,89,28,8.43,VE,2021-11-08 02:42:45
98,Boden,65.8252,21.6886,17.6,85,5,2.48,SE,2021-11-08 02:42:45
99,Bulgan,48.8125,103.5347,23.43,56,22,3.18,MN,2021-11-08 02:42:46
100,Namie,37.4833,141.0,67.71,85,54,13.65,JP,2021-11-08 02:42:46
101,Albany,42.6001,-73.9662,41.85,74,10,4.14,US,2021-11-08 02:34:37
102,Ribeira Grande,38.5167,-28.7,69.4,85,43,24.18,PT,2021-11-08 02:42:47
103,Bethel,41.3712,-73.414,45.48,68,1,3.44,US,2021-11-08 02:33:24
104,Sao Filipe,14.8961,-24.4956,78.01,74,100,7.23,CV,2021-11-08 02:42:47
105,Bataipora,-22.2953,-53.2711,72.79,90,46,3.69,BR,2021-11-08 02:42:48
106,Mar Del Plata,-38.0023,-57.5575,61.09,85,0,5.99,AR,2021-11-08 02:38:17
107,Norman Wells,65.282,-126.8329,12.24,85,90,12.66,CA,2021-11-08 02:42:48
108,Raudeberg,61.9875,5.1352,39.87,79,93,4.0,NO,2021-11-08 02:42:48
109,Chegdomyn,51.1167,133.0167,22.12,55,47,3.4,RU,2021-11-08 02:42:49
110,Grindavik,63.8424,-22.4338,37.87,87,90,39.12,IS,2021-11-08 02:36:44
111,Saint-Augustin,51.226,-58.6502,38.84,87,100,5.03,CA,2021-11-08 02:42:05
112,Togur,58.3631,82.8265,29.73,70,100,15.95,RU,2021-11-08 02:42:50
113,Fairbanks,64.8378,-147.7164,24.76,90,90,0.0,US,2021-11-08 02:36:26
114,Laguna,38.421,-121.4238,55.24,64,1,3.44,US,2021-11-08 02:42:51
115,Geraldton,-28.7667,114.6,72.01,46,15,13.8,AU,2021-11-08 02:31:15
116,Puyang,29.4603,119.8861,48.2,58,72,7.16,CN,2021-11-08 02:42:52
117,Castro,-24.7911,-50.0119,58.82,96,88,6.89,BR,2021-11-08 02:40:41
118,Tobermory,45.2501,-81.6665,52.79,82,58,10.07,CA,2021-11-08 02:42:52
119,Sangin,32.0728,64.8359,57.02,40,6,2.93,AF,2021-11-08 02:42:52
120,Barrow,71.2906,-156.7887,24.82,68,90,13.8,US,2021-11-08 02:36:49
121,Katsuura,35.1333,140.3,70.2,55,73,17.13,JP,2021-11-08 02:42:53
122,Zaozerne,45.1582,33.2787,57.94,93,99,17.54,UA,2021-11-08 02:42:53
123,Airai,-8.9266,125.4092,73.9,68,91,0.49,TL,2021-11-08 02:40:46
124,Saint George,37.1041,-113.5841,70.25,29,1,1.01,US,2021-11-08 02:42:11
125,Chake Chake,-5.2459,39.7666,73.13,87,86,1.83,TZ,2021-11-08 02:42:54
126,Yellowknife,62.456,-114.3525,27.41,99,90,5.75,CA,2021-11-08 02:41:29
127,Hervey Bay,-25.2986,152.8535,80.04,84,90,18.39,AU,2021-11-08 02:42:54
128,Puerto Escondido,15.85,-97.0667,78.37,80,96,3.94,MX,2021-11-08 02:42:54
129,Leningradskiy,69.3833,178.4167,8.8,83,61,10.2,RU,2021-11-08 02:39:38
130,Fortuna,40.5982,-124.1573,46.98,69,1,1.01,US,2021-11-08 02:42:55
131,Namibe,-15.1961,12.1522,66.78,80,96,4.23,AO,2021-11-08 02:42:55
132,Aulnoye-Aymeries,50.2014,3.8384,43.41,92,99,6.13,FR,2021-11-08 02:42:56
133,Arys,42.4252,68.795,32.22,30,100,3.09,KZ,2021-11-08 02:42:57
134,Port Elizabeth,-33.918,25.5701,61.09,88,20,6.91,ZA,2021-11-08 02:39:32
135,Padang,-0.9492,100.3543,82.45,76,100,5.17,ID,2021-11-08 02:35:28
136,Vila Franca Do Campo,37.7167,-25.4333,70.2,74,35,11.74,PT,2021-11-08 02:33:54
137,Bambanglipuro,-7.95,110.2833,83.79,72,100,2.93,ID,2021-11-08 02:33:00
138,Chara,56.9064,118.2631,11.5,69,98,1.07,RU,2021-11-08 02:42:58
139,Dawlatabad,36.4141,64.9053,42.44,58,99,3.56,AF,2021-11-08 02:38:31
140,Rocha,-34.4833,-54.3333,49.48,91,0,3.71,UY,2021-11-08 02:41:26
141,Huntsville,34.7304,-86.5861,51.39,79,1,3.0,US,2021-11-08 02:32:48
142,Mount Gambier,-37.8333,140.7667,60.71,51,90,10.36,AU,2021-11-08 02:40:52
143,Tashtyp,52.7939,89.8983,29.37,69,88,3.29,RU,2021-11-08 02:42:59
144,Kaitangata,-46.2817,169.8464,61.93,77,90,6.71,NZ,2021-11-08 02:39:35
145,Hokitika,-42.7167,170.9667,63.0,65,0,9.95,NZ,2021-11-08 02:43:00
146,Riyadh,24.6877,46.7219,62.74,27,53,7.58,SA,2021-11-08 02:32:42
147,Te Anau,-45.4167,167.7167,67.66,50,82,4.79,NZ,2021-11-08 02:43:00
148,Vyazemskiy,47.5378,134.7525,34.93,33,100,6.69,RU,2021-11-08 02:43:00
149,Pacific Grove,36.6177,-121.9166,56.88,80,1,1.01,US,2021-11-08 02:43:01
150,Thompson,55.7435,-97.8558,35.76,87,75,2.3,CA,2021-11-08 02:35:47
151,Praya,14.9215,-23.5087,75.74,73,40,17.27,CV,2021-11-08 02:43:02
152,Berezayka,57.9883,33.9036,39.24,97,100,7.76,RU,2021-11-08 02:43:03
153,Kumylzhenskaya,49.8809,42.5898,42.33,80,100,6.55,RU,2021-11-08 02:43:04
154,Namatanai,-3.6667,152.4333,86.63,60,69,11.81,PG,2021-11-08 02:43:04
155,Penzance,50.1186,-5.5371,54.77,91,100,5.82,GB,2021-11-08 02:43:05
156,Waspan,14.7419,-83.9717,73.17,95,96,5.66,NI,2021-11-08 02:43:05
157,Byron Bay,-28.65,153.6167,80.49,83,100,5.59,AU,2021-11-08 02:43:06
158,Sturgeon Falls,46.3646,-79.9326,47.08,87,73,4.74,CA,2021-11-08 02:43:07
159,Salvador,13.8333,-88.9167,70.2,82,75,3.83,SV,2021-11-08 02:43:07
160,Constitucion,-35.3333,-72.4167,54.48,82,4,13.62,CL,2021-11-08 02:39:29
161,Nanortalik,60.1432,-45.2371,30.87,61,100,1.14,GL,2021-11-08 02:39:32
162,Dryden,49.7833,-92.7503,44.89,76,75,6.91,CA,2021-11-08 02:43:08
163,East London,-33.0153,27.9116,64.51,93,100,8.66,ZA,2021-11-08 02:34:41
164,Khatanga,71.9667,102.5,7.84,95,99,11.45,RU,2021-11-08 02:38:27
165,Tromso,69.6496,18.957,32.02,86,75,1.01,NO,2021-11-08 02:40:36
166,Kavaratti,10.5669,72.642,81.52,75,100,7.43,IN,2021-11-08 02:40:48
167,Luderitz,-26.6481,15.1594,55.94,82,0,8.25,NA,2021-11-08 02:43:09
168,Ilulissat,69.2167,-51.1,12.22,48,7,16.11,GL,2021-11-08 02:43:09
169,Sangar,63.9242,127.4739,0.97,93,100,16.13,RU,2021-11-08 02:34:17
170,Dolinsk,47.35,142.8,44.46,51,100,2.17,RU,2021-11-08 02:43:10
171,Kilindoni,-7.9139,39.6668,77.97,73,48,7.7,TZ,2021-11-08 02:43:11
172,Makakilo City,21.3469,-158.0858,82.72,59,20,8.05,US,2021-11-08 02:39:35
173,Sitka,57.0531,-135.33,44.49,57,20,6.91,US,2021-11-08 02:38:14
174,Uzhur,55.3036,89.8339,34.07,49,90,13.71,RU,2021-11-08 02:43:12
175,Viedma,-40.8135,-62.9967,56.19,72,49,11.18,AR,2021-11-08 02:43:12
176,Daoukro,7.0591,-3.9631,71.46,98,35,2.53,CI,2021-11-08 02:43:13
177,Morehead,37.2711,-87.1764,48.83,87,1,0.0,US,2021-11-08 02:43:13
178,Birobidzhan,48.8,132.95,29.98,40,100,4.25,RU,2021-11-08 02:43:13
179,Poum,-20.2333,164.0167,76.05,79,90,15.73,NC,2021-11-08 02:34:21
180,Richards Bay,-28.783,32.0377,70.05,96,100,3.38,ZA,2021-11-08 02:43:14
181,Aksarka,66.5606,67.7975,16.74,93,100,6.6,RU,2021-11-08 02:43:14
182,Mahebourg,-20.4081,57.7,76.24,83,40,8.05,MU,2021-11-08 02:35:22
183,Alexandria,31.2156,29.9553,67.96,88,0,0.0,EG,2021-11-08 02:43:15
184,Arraial Do Cabo,-22.9661,-42.0278,70.18,73,68,5.37,BR,2021-11-08 02:35:31
185,Adrar,20.5022,-10.0711,69.03,26,100,6.71,MR,2021-11-08 02:38:26
186,Hay River,60.8156,-115.7999,28.38,86,90,11.5,CA,2021-11-08 02:36:34
187,Honiara,-9.4333,159.95,85.57,69,61,5.08,SB,2021-11-08 02:43:13
188,Angoche,-16.2325,39.9086,71.76,94,8,7.54,MZ,2021-11-08 02:39:39
189,Longyearbyen,78.2186,15.6401,13.84,67,75,3.44,SJ,2021-11-08 02:40:59
190,Paamiut,61.994,-49.6678,18.72,66,8,6.17,GL,2021-11-08 02:43:16
191,Alofi,-19.0595,-169.9187,78.69,78,54,12.66,NU,2021-11-08 02:40:51
192,Asau,46.4333,26.4,51.76,86,100,5.77,RO,2021-11-08 02:36:52
193,Egvekinot,66.3167,-179.1667,0.45,79,20,0.83,RU,2021-11-08 02:37:57
194,Portland,45.5234,-122.6762,48.15,92,90,5.99,US,2021-11-08 02:36:42
195,Harper,4.375,-7.7169,78.53,87,100,5.75,LR,2021-11-08 02:43:17
196,Vanimo,-2.6741,141.3028,86.56,66,51,9.66,PG,2021-11-08 02:40:47
197,Kodiak,57.79,-152.4072,31.55,90,97,12.88,US,2021-11-08 02:39:16
198,Pevek,69.7008,170.3133,8.06,90,100,8.14,RU,2021-11-08 02:39:33
199,Saskylakh,71.9167,114.0833,13.55,93,100,9.26,RU,2021-11-08 02:39:29
200,Pisco,-13.7,-76.2167,65.01,82,0,5.75,PE,2021-11-08 02:40:45
201,Marshall,34.3834,-86.3333,51.55,67,1,3.44,US,2021-11-08 02:43:18
202,Lebu,-37.6167,-73.65,52.59,94,74,9.6,CL,2021-11-08 02:33:53
203,Buraydah,26.326,43.975,59.45,34,0,6.87,SA,2021-11-08 02:41:45
204,Leiyang,26.4024,112.8591,50.22,56,5,7.94,CN,2021-11-08 02:43:20
205,Saint-Philippe,-21.3585,55.7679,72.95,79,40,9.69,RE,2021-11-08 02:35:28
206,Betong,5.7743,101.0723,86.63,63,51,1.59,TH,2021-11-08 02:43:22
207,Nikolskoye,59.7035,30.7861,37.87,97,100,9.73,RU,2021-11-08 02:39:23
208,Dingle,10.9995,122.6711,86.22,75,43,12.17,PH,2021-11-08 02:39:47
209,Caravelas,-17.7125,-39.2481,72.36,83,95,3.42,BR,2021-11-08 02:35:35
210,Brookings,44.3114,-96.7984,48.61,96,1,3.44,US,2021-11-08 02:40:27
211,Vila Velha,-20.3297,-40.2925,71.55,90,90,1.01,BR,2021-11-08 02:43:23
212,Qaanaaq,77.484,-69.3632,2.91,70,55,7.47,GL,2021-11-08 02:37:49
213,Cabinda,-5.55,12.2,77.56,88,93,6.96,AO,2021-11-08 02:43:23
214,Lakselv,70.0513,24.9718,32.76,86,90,9.22,NO,2021-11-08 02:43:23
215,Ariquemes,-9.9133,-63.0408,71.56,98,97,2.26,BR,2021-11-08 02:43:24
216,Komsomolskiy,40.4272,71.7189,36.32,69,75,2.3,UZ,2021-11-08 02:38:04
217,Nanjangud,12.1197,76.6828,74.44,87,99,3.71,IN,2021-11-08 02:43:24
218,Kalmunai,7.4167,81.8167,78.89,80,100,3.85,LK,2021-11-08 02:43:24
219,Tokur,53.1333,132.9,16.11,55,6,2.04,RU,2021-11-08 02:35:14
220,Inuvik,68.3499,-133.7218,18.61,92,90,5.75,CA,2021-11-08 02:34:19
221,Farafangana,-22.8167,47.8333,74.34,86,93,8.9,MG,2021-11-08 02:43:25
222,Turinsk,58.0458,63.696,35.38,91,100,13.13,RU,2021-11-08 02:43:26
223,Nioro,13.35,-15.75,75.04,58,31,5.97,GM,2021-11-08 02:43:26
224,Moundou,8.5667,16.0833,73.54,78,89,3.04,TD,2021-11-08 02:43:27
225,Machado,-21.6747,-45.9197,65.8,88,4,4.61,BR,2021-11-08 02:43:27
226,Bareli,28.35,79.4167,67.5,60,12,2.8,IN,2021-11-08 02:43:27
227,Nantucket,41.2835,-70.0995,53.71,76,90,14.97,US,2021-11-08 02:43:28
228,Turukhansk,65.8167,87.9833,32.65,98,100,18.68,RU,2021-11-08 02:43:28
229,Ust-Kulom,61.6864,53.6902,30.88,93,99,7.99,RU,2021-11-08 02:43:28
230,Noumea,-22.2763,166.4572,84.18,63,57,11.72,NC,2021-11-08 02:41:45
231,Chifeng,42.2683,118.9636,24.44,58,100,26.31,CN,2021-11-08 02:38:27
232,Opuwo,-18.0607,13.84,65.52,38,84,0.6,NA,2021-11-08 02:43:29
233,Banda Aceh,5.5577,95.3222,82.38,78,83,6.33,ID,2021-11-08 02:35:50
234,Grand Gaube,-20.0064,57.6608,76.37,75,21,7.0,MU,2021-11-08 02:39:28
235,Alice Springs,-23.7,133.8833,88.74,38,82,18.72,AU,2021-11-08 02:42:41
236,Rock Sound,24.9,-76.2,75.38,73,100,17.67,BS,2021-11-08 02:43:30
237,Santa Rosa,14.3122,121.1114,87.12,73,53,11.81,PH,2021-11-08 02:43:30
238,Pilar,-9.5972,-35.9567,78.73,95,39,4.63,BR,2021-11-08 02:43:30
239,Ponta Do Sol,32.6667,-17.1,66.83,67,14,6.64,PT,2021-11-08 02:43:30
240,Husavik,66.0449,-17.3389,31.91,97,100,12.48,IS,2021-11-08 02:43:32
241,Pangnirtung,66.1451,-65.7125,15.8,62,1,12.66,CA,2021-11-08 02:36:58
242,Gambiran,-6.7988,111.4951,86.04,64,100,3.87,ID,2021-11-08 02:43:32
243,Brae,60.3964,-1.353,40.91,66,98,3.67,GB,2021-11-08 02:34:06
244,Vuktyl,63.8567,57.3094,30.24,97,100,5.41,RU,2021-11-08 02:43:33
245,Milkovo,54.7167,158.6167,31.23,63,45,5.48,RU,2021-11-08 02:43:33
246,Norden,53.6,7.2,48.0,89,71,18.77,DE,2021-11-08 02:43:34
247,Chuzhou,32.3219,118.2978,43.29,39,0,14.32,CN,2021-11-08 02:43:34
248,Kinkala,-4.3614,14.7644,73.71,97,93,5.5,CG,2021-11-08 02:43:34
249,Mae Sai,20.4335,99.8762,83.44,71,35,1.41,TH,2021-11-08 02:43:35
250,College,64.8569,-147.8028,24.75,90,90,0.0,US,2021-11-08 02:42:20
251,Izazi,-7.2,35.7333,70.63,60,52,3.24,TZ,2021-11-08 02:43:35
252,Sainte-Rose,16.3324,-61.6979,73.44,94,0,0.0,GP,2021-11-08 02:43:35
253,Hamilton,39.1834,-84.5333,51.78,71,1,0.0,US,2021-11-08 02:39:12
254,Puerto Madero,14.7208,-92.4215,79.0,100,75,0.0,MX,2021-11-08 02:43:37
255,Yeppoon,-23.1333,150.7333,87.58,63,79,12.77,AU,2021-11-08 02:43:37
256,Sena Madureira,-9.0656,-68.6569,72.28,99,99,1.32,BR,2021-11-08 02:43:38
257,Mount Isa,-20.7333,139.5,85.77,58,53,10.36,AU,2021-11-08 02:43:38
258,Narsaq,60.9167,-46.05,30.42,81,100,1.95,GL,2021-11-08 02:43:38
259,Hofn,64.2539,-15.2082,39.18,98,100,14.0,IS,2021-11-08 02:43:39
260,Port Hedland,-20.3167,118.5667,84.25,54,30,18.41,AU,2021-11-08 02:35:32
261,Provideniya,64.3833,-173.3,17.71,73,75,4.47,RU,2021-11-08 02:43:39
262,Mildura,-34.2,142.15,69.08,37,67,6.91,AU,2021-11-08 02:40:53
263,Marsh Harbour,26.5412,-77.0636,75.54,73,53,17.54,BS,2021-11-08 02:35:30
264,Vodnyy,63.5046,53.4095,27.45,94,100,6.06,RU,2021-11-08 02:43:40
265,Coahuayana,18.7333,-103.6833,76.73,87,100,2.1,MX,2021-11-08 02:43:40
266,Kastamonu,41.5,33.6667,51.12,74,95,0.13,TR,2021-11-08 02:43:40
267,Bentiu,9.2333,29.8333,76.82,54,14,2.19,SS,2021-11-08 02:43:41
268,Batemans Bay,-35.7167,150.1833,78.98,86,92,7.94,AU,2021-11-08 02:43:41
269,Freeport,40.6576,-73.5832,53.56,65,1,0.0,US,2021-11-08 02:43:42
270,Montlucon,46.3333,2.6,46.71,98,99,4.25,FR,2021-11-08 02:43:42
271,Kavieng,-2.5744,150.7967,85.12,69,9,16.87,PG,2021-11-08 02:35:43
272,Visby,57.6409,18.296,41.86,75,75,19.57,SE,2021-11-08 02:43:43
273,Cantagallo,7.376,-73.9196,74.05,97,100,1.9,CO,2021-11-08 02:43:43
274,Sur,22.5667,59.5289,76.3,56,0,1.88,OM,2021-11-08 02:35:09
275,Funtua,11.5233,7.3081,72.12,26,39,4.88,NG,2021-11-08 02:43:43
276,Pangoa,-12.1167,-73.0,68.58,99,100,1.3,PE,2021-11-08 02:34:05
277,Nan,18.8333,100.6667,75.22,88,20,0.0,TH,2021-11-08 02:43:44
278,Port Lincoln,-34.7333,135.8667,60.3,58,97,8.39,AU,2021-11-08 02:39:34
279,Richland,40.7834,-82.5499,50.45,80,1,4.61,US,2021-11-08 02:43:44
280,Motygino,58.1831,94.7592,29.39,89,100,13.15,RU,2021-11-08 02:43:45
281,Chuy,-33.6971,-53.4616,53.33,84,13,1.57,UY,2021-11-08 02:34:31
282,Ondangwa,-17.9167,15.95,75.88,29,99,9.6,NA,2021-11-08 02:43:45
283,Pabna,24.0,89.25,75.31,61,23,7.81,BD,2021-11-08 02:40:25
284,Qaqortoq,60.7167,-46.0333,30.7,83,100,3.36,GL,2021-11-08 02:43:46
285,Gimli,50.6336,-96.9907,41.02,87,54,6.91,CA,2021-11-08 02:39:00
286,Sao Joao Da Barra,-21.6403,-41.0511,70.75,76,100,6.78,BR,2021-11-08 02:43:46
287,Bud,39.447,-86.1758,51.64,83,61,6.93,US,2021-11-08 02:43:47
288,Fort Nelson,58.8053,-122.7002,24.39,93,90,0.0,CA,2021-11-08 02:43:47
289,Cam Ranh,11.9214,109.1591,87.76,70,40,8.05,VN,2021-11-08 02:43:48
290,Henderson,36.0397,-114.9819,75.22,18,1,12.66,US,2021-11-08 02:40:02
291,Lanivtsi,49.8633,26.0908,43.63,78,100,13.22,UA,2021-11-08 02:43:48
292,Bilibino,68.0546,166.4372,-4.74,99,52,4.09,RU,2021-11-08 02:43:49
293,Zaysan,47.4667,84.8667,19.74,72,1,0.34,KZ,2021-11-08 02:43:49
294,Mikhaylovka,50.06,43.2379,40.91,86,100,7.31,RU,2021-11-08 02:43:49
295,Mufulira,-12.5498,28.2407,63.55,44,53,3.33,ZM,2021-11-08 02:43:50
296,Nara,34.6851,135.8049,70.84,49,93,15.48,JP,2021-11-08 02:42:11
297,Rohnert Park,38.3396,-122.7011,56.21,75,5,0.0,US,2021-11-08 02:43:50
298,Parana,-31.732,-60.5238,70.56,79,4,2.75,AR,2021-11-08 02:43:51
299,Maniitsoq,65.4167,-52.9,21.27,59,1,4.81,GL,2021-11-08 02:43:51
300,Boyuibe,-20.4167,-63.2833,57.27,91,100,3.15,BO,2021-11-08 02:43:52
301,Brainerd,46.358,-94.2008,43.05,100,90,0.0,US,2021-11-08 02:43:52
302,Vardo,70.3705,31.1107,31.3,60,98,16.6,NO,2021-11-08 02:33:55
303,Okha,53.5739,142.9478,29.17,75,100,24.65,RU,2021-11-08 02:43:53
304,Baherden,38.4362,57.4316,43.92,44,1,4.18,TM,2021-11-08 02:43:53
305,Svetlaya,46.5389,138.3297,41.88,32,99,3.22,RU,2021-11-08 02:40:49
306,Amahai,-3.3333,128.9167,86.83,65,23,4.99,ID,2021-11-08 02:43:54
307,George,-33.963,22.4617,54.95,94,90,6.91,ZA,2021-11-08 02:43:54
308,Kalat,29.0225,66.5916,50.97,34,1,2.59,PK,2021-11-08 02:43:54
309,Kamaishi,39.2667,141.8833,56.35,83,100,10.11,JP,2021-11-08 02:43:55
310,Saint-Joseph,-21.3667,55.6167,73.76,77,18,9.42,RE,2021-11-08 02:43:55
311,Spasskoye,44.6108,132.7969,46.08,56,100,5.37,RU,2021-11-08 02:43:55
312,San Policarpo,12.1791,125.5072,83.86,81,79,9.8,PH,2021-11-08 02:43:56
313,Youkounkoun,12.5333,-13.1333,78.21,71,9,5.17,GN,2021-11-08 02:43:56
314,Urengoy,65.9667,78.3667,28.62,96,100,11.72,RU,2021-11-08 02:43:56
315,Ostrovnoy,68.0531,39.5131,23.0,89,99,11.81,RU,2021-11-08 02:34:43
316,Ruwi,23.5996,58.5507,76.69,55,0,5.03,OM,2021-11-08 02:43:58
317,Atar,20.5169,-13.0499,72.0,29,62,5.86,MR,2021-11-08 02:43:59
318,Moron,-34.6534,-58.6198,65.97,75,0,1.01,AR,2021-11-08 02:43:16
319,Watsa,3.0372,29.5355,62.6,98,64,3.2,CD,2021-11-08 02:44:01
320,Abnub,27.2696,31.1511,64.62,44,0,4.03,EG,2021-11-08 02:44:01
321,Northam,51.0333,-4.2167,48.47,89,35,5.32,GB,2021-11-08 02:44:02
322,Coihaique,-45.5752,-72.0662,48.15,71,0,4.61,CL,2021-11-08 02:42:01
323,Tengzhou,35.0771,117.1518,36.27,69,2,11.36,CN,2021-11-08 02:44:03
324,Broken Hill,-31.95,141.4333,67.71,42,75,9.22,AU,2021-11-08 02:38:24
325,Vestmannaeyjar,63.4427,-20.2734,40.44,91,100,45.32,IS,2021-11-08 02:42:11
326,Narasannapeta,18.4167,84.05,74.57,65,100,6.73,IN,2021-11-08 02:44:04
327,Kisaran,2.9845,99.6158,85.23,70,100,1.57,ID,2021-11-08 02:44:04
328,La Palma,33.8464,-118.0467,66.97,84,1,3.0,US,2021-11-08 02:39:59
329,Gunnedah,-30.9833,150.25,80.22,55,80,7.0,AU,2021-11-08 02:44:04
330,Buala,-8.145,159.5921,86.16,60,73,7.27,SB,2021-11-08 02:34:19
331,Chapais,49.7834,-74.8492,40.78,98,100,5.86,CA,2021-11-08 02:37:50
332,Havre-Saint-Pierre,50.2334,-63.5986,44.6,93,90,3.44,CA,2021-11-08 02:44:05
333,Kisangani,0.5167,25.2,68.36,99,100,0.74,CD,2021-11-08 02:44:05
334,Dali,25.7,100.1833,61.12,47,4,0.49,CN,2021-11-08 02:44:06
335,Sabha,27.0377,14.4283,67.33,28,50,10.85,LY,2021-11-08 02:35:44
336,Hasaki,35.7333,140.8333,70.29,52,49,15.5,JP,2021-11-08 02:39:31
337,Port Saint John,28.477,-80.7887,63.95,86,40,3.0,US,2021-11-08 02:44:06
338,Severo-Kurilsk,50.6789,156.125,36.77,68,99,22.28,RU,2021-11-08 02:40:43
339,Salalah,17.0151,54.0924,75.29,73,0,4.61,OM,2021-11-08 02:44:07
340,Codrington,-38.2667,141.9667,60.08,54,92,6.06,AU,2021-11-08 02:42:05
341,Alappuzha,9.49,76.3264,78.31,85,100,4.65,IN,2021-11-08 02:44:07
342,Boyolangu,-8.1181,111.8935,81.88,75,100,3.85,ID,2021-11-08 02:40:32
343,Sibolga,1.7427,98.7792,77.23,91,100,1.92,ID,2021-11-08 02:44:08
344,Harlingen,26.1906,-97.6961,73.2,91,1,5.75,US,2021-11-08 02:40:56
345,Danilov,58.1908,40.1717,40.26,97,100,9.33,RU,2021-11-08 02:44:08
346,Cap-Aux-Meules,47.3821,-61.8597,46.45,81,1,8.05,CA,2021-11-08 02:39:32
347,Iroquois Falls,48.7669,-80.6831,39.34,84,93,4.32,CA,2021-11-08 02:44:09
348,Sabang,5.8933,95.3214,81.75,77,90,8.19,ID,2021-11-08 02:44:09
349,Half Moon Bay,37.4636,-122.4286,57.06,77,1,1.01,US,2021-11-08 02:41:36
350,Pokhara,28.2333,83.9833,65.52,62,10,2.21,NP,2021-11-08 02:44:10
351,Livingston,55.9029,-3.5226,41.68,87,0,3.44,GB,2021-11-08 02:36:38
352,Novyy Urengoy,66.0833,76.6333,23.65,95,100,10.49,RU,2021-11-08 02:44:10
353,Yatou,37.15,122.3833,40.82,66,67,24.61,CN,2021-11-08 02:44:10
354,Ondjiva,-17.0667,15.7333,72.05,60,100,3.74,AO,2021-11-08 02:34:18
355,Talnakh,69.4865,88.3972,17.19,96,100,7.09,RU,2021-11-08 02:44:11
356,Jashpurnagar,22.9,84.15,66.85,50,56,4.54,IN,2021-11-08 02:44:11
357,Naustdal,61.509,5.7168,40.86,95,100,4.45,NO,2021-11-08 02:44:12
358,Jacqueville,5.2052,-4.4146,80.51,83,37,8.1,CI,2021-11-08 02:44:13
359,Mareeba,-17.0,145.4333,92.32,57,79,8.28,AU,2021-11-08 02:44:13
360,Lae,-6.7221,146.9847,95.67,62,88,8.84,PG,2021-11-08 02:44:14
361,San Pedro,14.35,121.0167,86.36,73,40,4.61,PH,2021-11-08 02:44:14
362,Kruisfontein,-34.0033,24.7314,56.88,89,100,4.32,ZA,2021-11-08 02:39:28
363,Kungurtug,50.5994,97.5228,14.41,74,14,1.03,RU,2021-11-08 02:44:15
364,Ambilobe,-13.2,49.05,76.14,72,6,2.73,MG,2021-11-08 02:44:15
365,Raymondville,26.4815,-97.7831,73.24,67,1,6.98,US,2021-11-08 02:44:16
366,Touros,-5.1989,-35.4608,81.5,77,81,12.28,BR,2021-11-08 02:44:16
367,Murdochville,48.9583,-65.5006,36.48,88,12,4.14,CA,2021-11-08 02:44:17
368,Kutum,14.2,24.6667,67.24,28,6,7.16,SD,2021-11-08 02:35:13
369,Zlobin,45.2924,14.6541,50.68,92,75,2.3,HR,2021-11-08 02:44:19
370,Beringovskiy,63.05,179.3167,15.67,91,29,6.73,RU,2021-11-08 02:44:19
371,Sao Jose Da Coroa Grande,-8.8978,-35.1478,77.31,86,11,7.83,BR,2021-11-08 02:42:08
372,Santa Catalina,9.3337,122.8637,86.99,71,60,4.36,PH,2021-11-08 02:44:20
373,Torquay,50.4638,-3.5143,48.33,45,42,3.0,GB,2021-11-08 02:44:20
374,Delegyhaza,47.2413,19.0902,48.06,71,100,6.08,HU,2021-11-08 02:44:21
375,Karratha,-20.7377,116.8463,81.55,39,3,16.91,AU,2021-11-08 02:40:56
376,Balakhninskiy,58.0106,114.2769,20.68,95,100,5.23,RU,2021-11-08 02:44:21
377,Povoa De Varzim,41.3834,-8.7636,54.99,76,0,5.75,PT,2021-11-08 02:44:22
378,Taoudenni,22.6783,-3.9836,68.36,22,0,15.68,ML,2021-11-08 02:34:24
379,Lermontovka,47.1453,134.3383,34.54,36,100,3.31,RU,2021-11-08 02:44:24
380,Port Blair,11.6667,92.75,84.24,84,40,11.5,IN,2021-11-08 02:44:24
381,Kajaani,64.2273,27.7285,23.05,80,0,6.91,FI,2021-11-08 02:44:24
382,Yining,29.0361,114.5636,50.61,38,45,2.71,CN,2021-11-08 02:35:47
383,Itarema,-2.9248,-39.9167,78.37,82,77,6.93,BR,2021-11-08 02:44:25
384,Marsaxlokk,35.8419,14.5431,70.41,94,20,16.11,MT,2021-11-08 02:44:25
385,Pimentel,-6.8367,-79.9342,63.64,84,59,11.99,PE,2021-11-08 02:44:26
386,Santa Rosalia,27.3167,-112.2833,74.57,45,81,5.21,MX,2021-11-08 02:37:51
387,Mizan Teferi,6.9833,35.5833,60.8,83,65,2.93,ET,2021-11-08 02:44:26
388,Saint-Denis,48.9167,2.3333,44.15,93,20,2.3,FR,2021-11-08 02:44:27
389,Hailar,49.2,119.7,24.42,38,0,7.05,CN,2021-11-08 02:38:25
390,Nemuro,43.3236,145.575,48.63,74,60,10.83,JP,2021-11-08 02:44:28
391,Charagua,-19.8,-63.2167,58.12,93,68,2.39,BO,2021-11-08 02:44:28
392,Los Llanos De Aridane,28.6585,-17.9182,64.15,68,75,8.01,ES,2021-11-08 02:44:29
393,Mehamn,71.0357,27.8492,27.34,87,100,2.89,NO,2021-11-08 02:44:29
394,Kuminskiy,58.6667,66.5667,33.19,97,100,10.49,RU,2021-11-08 02:44:29
395,Nampula,-15.1165,39.2666,71.55,88,0,12.66,MZ,2021-11-08 02:44:30
396,Praia Da Vitoria,38.7333,-27.0667,70.05,83,75,19.44,PT,2021-11-08 02:44:30
397,Tiksi,71.6872,128.8694,13.82,78,100,24.61,RU,2021-11-08 02:44:30
398,Cabatuan,10.8794,122.486,86.47,73,42,11.97,PH,2021-11-08 02:44:31
399,Necochea,-38.5473,-58.7368,55.04,87,74,12.8,AR,2021-11-08 02:36:38
400,Santa Helena De Goias,-17.8136,-50.5969,77.83,61,28,4.81,BR,2021-11-08 02:44:31
401,Ekibastuz,51.6667,75.3667,30.36,44,66,15.17,KZ,2021-11-08 02:41:13
402,Khandyga,62.6667,135.6,-3.33,93,100,5.75,RU,2021-11-08 02:40:54
403,Aquiraz,-3.9014,-38.3911,81.18,80,41,7.94,BR,2021-11-08 02:44:32
404,Partizanskoye,55.5006,94.39,36.66,57,100,21.74,RU,2021-11-08 02:44:32
405,Pizarro,4.9533,-77.366,76.12,88,100,2.98,CO,2021-11-08 02:44:33
406,Paita,-5.0892,-81.1144,64.2,84,18,12.35,PE,2021-11-08 02:35:21
407,Luba,3.4568,8.5547,79.36,85,88,4.12,GQ,2021-11-08 02:44:34
408,Wuwei,37.9281,102.6414,30.69,35,14,2.13,CN,2021-11-08 02:44:34
409,Srednekolymsk,67.45,153.6833,4.15,96,100,6.46,RU,2021-11-08 02:44:35
410,Mortara,45.2473,8.7355,47.37,88,91,2.62,IT,2021-11-08 02:44:35
411,Sterling,39.0062,-77.4286,49.15,77,20,3.0,US,2021-11-08 02:39:45
412,Kharagauli,42.0214,43.1977,43.16,84,17,5.14,GE,2021-11-08 02:44:36
413,Antofagasta,-23.65,-70.4,60.08,75,43,6.44,CL,2021-11-08 02:41:58
414,Ouallam,14.3188,2.0866,82.49,13,29,6.22,NE,2021-11-08 02:44:36
415,Douglas,41.3,-96.167,59.76,80,1,0.0,US,2021-11-08 02:44:36
416,Emba,48.8264,58.1442,31.26,63,88,4.81,KZ,2021-11-08 02:44:37
417,Leshukonskoye,64.8989,45.7622,21.27,91,15,2.59,RU,2021-11-08 02:44:37
418,Lorengau,-2.0226,147.2712,83.03,79,43,10.38,PG,2021-11-08 02:38:28
419,Ushtobe,45.2514,77.9838,22.42,74,5,3.78,KZ,2021-11-08 02:44:38
420,Manokwari,-0.8667,134.0833,85.26,67,46,11.43,ID,2021-11-08 02:44:38
421,Almaty,43.25,76.95,13.91,92,0,2.24,KZ,2021-11-08 02:44:39
422,Thinadhoo,0.5333,72.9333,83.08,66,96,15.43,MV,2021-11-08 02:44:39
423,Coos Bay,43.3665,-124.2179,49.01,97,90,9.22,US,2021-11-08 02:43:53
424,Santa Maria,-29.6842,-53.8069,63.7,72,0,10.36,BR,2021-11-08 02:40:55
425,Ribeira Brava,32.65,-17.0667,66.83,69,11,7.36,PT,2021-11-08 02:44:42
426,Camalu,30.85,-116.0667,54.43,87,6,4.85,MX,2021-11-08 02:44:43
427,Beaverlodge,55.2166,-119.4361,24.15,63,43,4.7,CA,2021-11-08 02:44:44
428,Plattsburgh,44.6995,-73.4529,48.52,81,75,0.0,US,2021-11-08 02:44:41
429,Sinazongwe,-17.2614,27.4618,78.82,44,4,6.35,ZM,2021-11-08 02:44:44
430,Porto Novo,6.4965,2.6036,76.82,88,100,4.09,BJ,2021-11-08 02:44:44
431,Souillac,-20.5167,57.5167,77.36,83,40,8.05,MU,2021-11-08 02:44:45
432,Aste,45.7906,11.0961,44.24,76,100,3.62,IT,2021-11-08 02:44:45
433,Glendive,47.1053,-104.7125,37.18,69,1,11.5,US,2021-11-08 02:44:45
434,Korsakov,46.6328,142.7813,44.44,57,100,4.09,RU,2021-11-08 02:44:46
435,Nuuk,64.1835,-51.7216,21.81,73,20,10.36,GL,2021-11-08 02:38:27
436,Price,39.5994,-110.8107,54.66,35,1,0.0,US,2021-11-08 02:39:47
437,Sehithwa,-20.4667,22.7167,76.75,44,100,5.39,BW,2021-11-08 02:44:46
438,Sheridan,44.8333,-106.9173,42.98,61,90,0.0,US,2021-11-08 02:44:47
439,Henties Bay,-22.116,14.2845,53.85,90,16,11.63,NA,2021-11-08 02:44:47
440,Port Keats,-14.25,129.55,90.39,57,53,11.03,AU,2021-11-08 02:44:48
441,Alyangula,-13.8483,136.4192,89.47,66,75,8.05,AU,2021-11-08 02:44:48
442,Bangsund,64.3968,11.3949,32.92,70,95,4.21,NO,2021-11-08 02:44:49
443,Beckley,37.7782,-81.1882,43.29,58,1,4.61,US,2021-11-08 02:41:42
444,Kaputa,-8.4689,29.6619,72.27,52,63,2.91,ZM,2021-11-08 02:44:49
445,Newport,51.5877,-2.9984,45.54,91,44,3.6,GB,2021-11-08 02:44:49
446,Lashio,22.9333,97.75,74.07,58,23,0.78,MM,2021-11-08 02:44:50
447,Port-Gentil,-0.7193,8.7815,78.67,85,100,11.48,GA,2021-11-08 02:35:36
448,Palmer,42.1584,-72.3287,43.47,71,100,4.43,US,2021-11-08 02:44:50
449,Dunkwa,5.9656,-1.78,74.08,98,94,1.95,GH,2021-11-08 02:44:51
450,Valdez,1.2492,-78.9831,76.26,86,100,7.54,EC,2021-11-08 02:44:52
451,Contamana,-7.3333,-75.0167,76.17,74,34,2.71,PE,2021-11-08 02:44:52
452,Micheweni,-4.9667,39.8333,75.51,83,85,3.44,TZ,2021-11-08 02:44:53
453,Linden,6.0,-58.3,75.34,98,100,2.46,GY,2021-11-08 02:44:54
454,Iskateley,67.6803,53.1512,19.81,82,32,7.7,RU,2021-11-08 02:44:55
455,Lithgow,-33.4833,150.15,70.09,48,51,8.16,AU,2021-11-08 02:44:56
456,Arkhara,49.4212,130.0842,27.48,50,100,6.93,RU,2021-11-08 02:44:56
457,Isangel,-19.55,169.2667,82.51,65,75,6.91,VU,2021-11-08 02:37:00
458,Murgab,37.4966,61.9714,40.87,75,90,4.61,TM,2021-11-08 02:44:57
459,Otjiwarongo,-20.4637,16.6477,67.17,27,95,3.94,NA,2021-11-08 02:44:57
460,Oranjemund,-28.55,16.4333,58.23,83,49,8.03,NA,2021-11-08 02:44:57
461,Newton,42.337,-71.2092,45.95,80,1,0.0,US,2021-11-08 02:41:55
462,Cabo San Lucas,22.8909,-109.9124,79.05,67,40,8.55,MX,2021-11-08 02:42:43
463,Ankazoabo,-22.2833,44.5167,71.76,65,45,2.33,MG,2021-11-08 02:44:59
464,Waingapu,-9.6567,120.2641,88.11,61,87,8.48,ID,2021-11-08 02:42:09
465,Meulaboh,4.1363,96.1285,76.32,94,100,6.06,ID,2021-11-08 02:45:00
466,Cabedelo,-6.9811,-34.8339,79.47,80,64,9.93,BR,2021-11-08 02:45:00
467,Xining,36.6167,101.7667,24.58,44,99,1.19,CN,2021-11-08 02:36:52
468,Santa Cruz,-17.8,-63.1667,69.26,78,20,3.44,BO,2021-11-08 02:42:02
469,Timra,62.487,17.3257,27.68,75,12,6.91,SE,2021-11-08 02:45:00
470,Cockburn Town,21.4612,-71.1419,81.86,74,99,7.02,TC,2021-11-08 02:45:01
471,Lavrentiya,65.5833,-171.0,9.91,83,7,7.25,RU,2021-11-08 02:39:27
472,Guerrero Negro,27.9769,-114.0611,65.08,84,99,9.62,MX,2021-11-08 02:44:35
473,Selikhino,50.3672,137.4996,29.43,45,87,4.61,RU,2021-11-08 02:45:02
474,Berlevag,70.8578,29.0864,29.8,68,100,7.63,NO,2021-11-08 02:35:33
475,Osakarovka,50.565,72.5692,23.04,51,27,8.52,KZ,2021-11-08 02:45:03
476,Taraz,42.9,71.3667,45.28,79,90,2.24,KZ,2021-11-08 02:41:13
477,Rabo De Peixe,37.8,-25.5833,69.28,84,40,14.97,PT,2021-11-08 02:45:05
478,Cayenne,4.9333,-52.3333,81.09,84,75,3.0,GF,2021-11-08 02:45:05
479,Kahului,20.8947,-156.47,82.42,73,20,26.46,US,2021-11-08 02:45:06
480,San Cristobal,7.7669,-72.225,75.38,90,98,1.74,VE,2021-11-08 02:45:06
481,Porto Santo,33.072,-16.3415,66.58,59,40,10.36,PT,2021-11-08 02:45:07
482,Novoagansk,61.9449,76.6625,32.43,98,100,12.24,RU,2021-11-08 02:45:07
483,Gigmoto,13.7796,124.39,82.87,85,100,11.88,PH,2021-11-08 02:45:08
484,Shirokiy,49.758,129.523,25.02,62,100,8.28,RU,2021-11-08 02:45:08
485,Mandiana,10.6333,-8.6833,78.24,66,81,3.2,GN,2021-11-08 02:45:09
486,Innisfail,-17.5333,146.0333,84.27,70,75,8.99,AU,2021-11-08 02:45:09
487,Hovd,48.0056,91.6419,22.78,42,0,1.03,MN,2021-11-08 02:45:10
488,Saint Anthony,45.0205,-93.218,55.71,84,1,3.0,US,2021-11-08 02:40:30
489,Mbanza-Ngungu,-5.25,14.8667,67.32,99,81,3.89,CD,2021-11-08 02:45:10
490,Russell,32.3502,-85.1999,49.6,65,0,5.06,US,2021-11-08 02:45:11
491,Sechura,-5.5569,-80.8222,65.08,79,52,12.75,PE,2021-11-08 02:45:11
492,Santa Lucia,27.9117,-15.5407,60.12,67,75,20.71,ES,2021-11-08 02:45:11
493,Nongan,44.382,125.1685,34.21,97,100,19.86,CN,2021-11-08 02:45:12
494,Sorong,-0.8833,131.25,84.9,73,9,5.32,ID,2021-11-08 02:45:12
495,Sovetskiy,61.3614,63.5842,32.34,91,99,9.4,RU,2021-11-08 02:45:12
496,Tefe,-3.3542,-64.7114,73.31,92,53,2.3,BR,2021-11-08 02:45:13
497,Kitui,-1.367,38.0106,59.59,97,95,3.33,KE,2021-11-08 02:45:13
498,Grand Forks,47.9417,-97.4337,40.68,84,20,5.75,US,2021-11-08 02:45:13
499,Salym,60.0625,71.4789,32.4,98,100,8.25,RU,2021-11-08 02:45:15
500,Altay,47.8667,88.1167,21.76,54,0,4.68,CN,2021-11-08 02:45:16
501,Maun,-19.9833,23.4167,76.96,57,40,9.22,BW,2021-11-08 02:45:16
502,Roswell,34.0232,-84.3616,55.08,65,1,9.22,US,2021-11-08 02:44:26
503,Honningsvag,70.9821,25.9704,29.8,94,100,6.04,NO,2021-11-08 02:41:56
504,Kita,13.0349,-9.4895,77.72,49,4,2.1,ML,2021-11-08 02:45:16
505,Tazmalt,36.3868,4.3989,52.9,93,100,5.48,DZ,2021-11-08 02:45:17
506,Olafsvik,64.8945,-23.7142,36.43,98,100,29.42,IS,2021-11-08 02:41:55
507,Nueve De Julio,-35.4444,-60.8831,57.04,78,1,4.83,AR,2021-11-08 02:44:42
508,Mackay,-21.15,149.2,92.68,55,23,17.27,AU,2021-11-08 02:45:17
509,Tago,9.0211,126.2317,84.52,73,29,4.07,PH,2021-11-08 02:45:18
510,Quatre Cocos,-20.2078,57.7625,77.09,79,84,11.59,MU,2021-11-08 02:45:18
511,Benghazi,32.1167,20.0667,70.07,54,77,11.7,LY,2021-11-08 02:45:20
512,Bereda,43.2686,-7.5406,49.01,100,100,2.64,ES,2021-11-08 02:45:21
513,Lubyany,56.0378,51.4,31.64,87,100,8.01,RU,2021-11-08 02:45:23
514,Ancud,-41.8697,-73.8203,54.43,95,94,2.28,CL,2021-11-08 02:45:24
515,Dzaoudzi,-12.7887,45.2699,76.89,88,0,3.44,YT,2021-11-08 02:45:25
516,West Melbourne,28.0717,-80.6534,64.96,87,20,6.91,US,2021-11-08 02:45:26
517,Chandur,19.7333,79.1833,68.18,56,33,3.85,IN,2021-11-08 02:45:27
518,Bodden Town,19.2833,-81.25,79.0,69,75,8.01,KY,2021-11-08 02:45:28
519,Vao,-22.6667,167.4833,72.5,64,14,7.38,NC,2021-11-08 02:45:29
520,Goderich,43.7501,-81.7165,50.32,76,48,6.91,CA,2021-11-08 02:39:23
521,Vanavara,60.34,102.2797,29.43,88,100,12.53,RU,2021-11-08 02:45:30
522,Tadine,-21.55,167.8833,77.11,57,60,6.26,NC,2021-11-08 02:45:31
523,Santa Isabel Do Rio Negro,-0.4139,-65.0192,73.36,99,96,1.86,BR,2021-11-08 02:45:31
524,Ilhabela,-23.7781,-45.3581,67.14,83,13,2.84,BR,2021-11-08 02:45:32
525,Rio Gallegos,-51.6226,-69.2181,46.45,53,0,14.97,AR,2021-11-08 02:45:32
526,Ontario,34.0633,-117.6509,67.64,71,1,1.01,US,2021-11-08 02:42:49
527,Divnomorskoye,44.5011,38.1353,58.89,91,100,6.04,RU,2021-11-08 02:45:33
528,Bologoye,57.8799,34.1068,39.27,97,100,7.81,RU,2021-11-08 02:45:33
529,Qinhuangdao,39.9317,119.5883,31.62,71,100,13.24,CN,2021-11-08 02:41:20
530,Mayumba,-3.432,10.6554,76.64,89,100,1.86,GA,2021-11-08 02:37:52
531,Pidhorodne,48.5753,35.1068,45.64,63,89,9.73,UA,2021-11-08 02:45:34
532,Leh,34.1667,77.5833,21.38,56,0,3.47,IN,2021-11-08 02:45:34
533,Morro Bay,35.3658,-120.8499,64.2,46,100,4.0,US,2021-11-08 02:45:35
534,Baykit,61.67,96.37,30.69,89,100,10.67,RU,2021-11-08 02:38:26
535,Riberalta,-10.9833,-66.1,73.06,91,98,1.5,BO,2021-11-08 02:45:35
536,Nalut,30.3333,10.85,64.18,46,87,1.97,LY,2021-11-08 02:45:35
537,Aykhal,66.0,111.5,17.82,94,97,18.95,RU,2021-11-08 02:45:36
538,Wamba,8.9333,8.6,73.65,71,67,3.42,NG,2021-11-08 02:45:36
539,Boffa,10.1667,-14.0333,74.5,90,20,1.05,GN,2021-11-08 02:45:36
540,Agadez,19.75,10.25,70.84,16,4,3.71,NE,2021-11-08 02:45:37
541,Dalhousie,32.5333,75.9833,50.7,37,0,5.91,IN,2021-11-08 02:45:37
542,Marzuq,14.4,46.4667,64.58,36,0,1.28,YE,2021-11-08 02:45:37
543,Eyl,7.9803,49.8164,74.71,79,20,9.15,SO,2021-11-08 02:45:38
544,Kamenka,51.3223,42.7678,39.07,89,100,8.3,RU,2021-11-08 02:45:38
545,Shingu,33.7333,135.9833,70.79,73,43,20.11,JP,2021-11-08 02:39:14
546,Umm Lajj,25.0213,37.2685,77.11,48,0,5.95,SA,2021-11-08 02:45:39
547,Ust-Nera,64.5667,143.2,-11.7,97,71,5.91,RU,2021-11-08 02:45:39
548,Basco,20.4487,121.9702,81.45,78,4,7.31,PH,2021-11-08 02:35:44
549,High Level,58.5169,-117.136,26.71,93,90,6.91,CA,2021-11-08 02:45:40
550,Killorglin,52.1,-9.7833,53.87,99,100,5.75,IE,2021-11-08 02:45:41
551,Port Macquarie,-31.4333,152.9167,76.96,60,83,11.39,AU,2021-11-08 02:31:36
552,Sakakah,29.9697,40.2064,60.37,37,0,4.56,SA,2021-11-08 02:45:41
553,Yulara,-25.2406,130.9889,67.84,100,75,14.97,AU,2021-11-08 02:40:57
554,Maragogi,-9.0122,-35.2225,76.8,87,10,7.38,BR,2021-11-08 02:42:10
555,Hirson,49.9226,4.0826,42.82,88,100,5.01,FR,2021-11-08 02:45:42
556,Tuatapere,-46.1333,167.6833,67.48,50,99,4.65,NZ,2021-11-08 02:39:41
557,Zyryanovsk,49.7386,84.2719,15.4,83,49,1.19,KZ,2021-11-08 02:45:42
558,Vinh,18.6667,105.6667,64.29,85,100,13.87,VN,2021-11-08 02:45:43
559,Sparta,43.9441,-90.8129,60.33,67,1,10.36,US,2021-11-08 02:45:43
560,Gubbio,43.3545,12.5725,48.61,88,100,2.75,IT,2021-11-08 02:45:43
561,Muros,42.7762,-9.0603,55.99,85,99,11.92,ES,2021-11-08 02:45:44
562,Hutchinson,38.0608,-97.9298,64.35,54,1,4.0,US,2021-11-08 02:44:54
563,Cosala,24.4125,-106.6908,74.12,66,7,2.95,MX,2021-11-08 02:45:45
564,Punta Alta,-38.8759,-62.0736,58.82,53,25,11.74,AR,2021-11-08 02:45:45
565,Mount Pleasant,32.7941,-79.8626,54.0,71,1,5.01,US,2021-11-08 02:44:55
566,Jaciara,-15.9653,-54.9683,73.6,85,100,2.51,BR,2021-11-08 02:45:46
567,Bandarbeyla,9.4942,50.8122,76.69,70,80,8.48,SO,2021-11-08 02:45:46
568,Yuzhno-Kurilsk,44.0306,145.8556,48.47,69,90,7.58,RU,2021-11-08 02:45:47
569,Beruwala,6.4788,79.9828,78.71,83,100,11.72,LK,2021-11-08 02:45:47
570,Lircay,-12.9896,-74.7205,51.66,79,89,3.33,PE,2021-11-08 02:45:48
